{
  "20220906-170115": {
    "Euribor6M": {
      "Deposit": {
        "1D": 0.0073,
        "6M": 0.0187,
        "7D": 0.006750000000000001
      },
      "Forward-Rate-Agreement": {
        "9M": 0.02736,
        "8M": 0.024800000000000003,
        "7M": 0.02152,
        "18M": 0.03358,
        "15M": 0.03345,
        "12M": 0.031900000000000005,
        "10M": 0.02912
      },
      "Swap-Rate": {
        "9Y": 0.028550000000000006,
        "7Y": 0.028739999999999998,
        "5Y": 0.02926,
        "3Y": 0.02971,
        "18Y": 0.026580000000000003,
        "28Y": 0.02222,
        "16Y": 0.027590000000000003,
        "26Y": 0.023010000000000003,
        "14Y": 0.028120000000000003,
        "24Y": 0.023739999999999997,
        "12Y": 0.028399999999999998,
        "22Y": 0.02464,
        "10Y": 0.02864,
        "20Y": 0.02558,
        "30Y": 0.0215,
        "40Y": 0.01898,
        "50Y": 0.01724,
        "8Y": 0.0287,
        "6Y": 0.02903,
        "4Y": 0.029450000000000004,
        "2Y": 0.029530000000000004,
        "19Y": 0.026079999999999996,
        "29Y": 0.02186,
        "17Y": 0.02705,
        "27Y": 0.02261,
        "15Y": 0.02791,
        "25Y": 0.023310000000000004,
        "13Y": 0.028300000000000002,
        "23Y": 0.02419,
        "11Y": 0.02851,
        "21Y": 0.02511
      }
    },
    "ESTR": {
      "Deposit": {
        "1D": 0.661
      },
      "Swap-Rate": {
        "9Y": 0.02566,
        "14D": 0.0065595,
        "7Y": 0.0258,
        "5Y": 0.02634,
        "3Y": 0.02705,
        "18M": 0.026025999999999997,
        "1Y": 0.023509000000000002,
        "8M": 0.019902,
        "6M": 0.017039,
        "12Y": 0.02569,
        "4M": 0.013613499999999999,
        "10Y": 0.025700000000000004,
        "2M": 0.009572,
        "20Y": 0.023849999999999996,
        "30Y": 0.020629999999999996,
        "8Y": 0.025700000000000004,
        "6Y": 0.026080000000000002,
        "4Y": 0.026639999999999997,
        "21D": 0.006567000000000001,
        "2Y": 0.027061,
        "15M": 0.025056000000000002,
        "7D": 0.0063805,
        "21M": 0.026652,
        "9M": 0.020924,
        "15Y": 0.025389999999999996,
        "7M": 0.018594,
        "25Y": 0.02213,
        "5M": 0.0155295,
        "11Y": 0.025709999999999997,
        "3M": 0.011337,
        "1M": 0.006572
      }
    }
  }
}