{
  "20220908-170110": {
    "Quotes": {
      "Euribor6M": {
        "Deposit": {
          "1D": 0.0072,
          "6M": 0.01875,
          "7D": 0.0075
        },
        "Forward-Rate-Agreement": {
          "9M": 0.02767,
          "8M": 0.025230000000000002,
          "18M": 0.03161,
          "7M": 0.021630000000000003,
          "15M": 0.03327,
          "12M": 0.031920000000000004,
          "10M": 0.02924
        },
        "Swap-Rate": {
          "9Y": 0.028579999999999998,
          "7Y": 0.02878,
          "5Y": 0.02927,
          "3Y": 0.0297,
          "18Y": 0.026580000000000003,
          "28Y": 0.022090000000000002,
          "16Y": 0.027469999999999998,
          "26Y": 0.0229,
          "14Y": 0.028120000000000003,
          "24Y": 0.02373,
          "12Y": 0.028399999999999998,
          "22Y": 0.024569999999999998,
          "10Y": 0.02857,
          "20Y": 0.025570000000000002,
          "30Y": 0.021349999999999997,
          "40Y": 0.01891,
          "50Y": 0.01711,
          "8Y": 0.02864,
          "6Y": 0.02902,
          "4Y": 0.029459999999999997,
          "2Y": 0.029539999999999997,
          "19Y": 0.026079999999999996,
          "29Y": 0.021709999999999997,
          "17Y": 0.02705,
          "27Y": 0.022489999999999996,
          "15Y": 0.02782,
          "25Y": 0.0233,
          "13Y": 0.028300000000000002,
          "23Y": 0.024169999999999997,
          "11Y": 0.028520000000000004,
          "21Y": 0.02511
        }
      },
      "ESTR": {
        "Deposit": {
          "1D": 0.661
        },
        "Swap-Rate": {
          "9Y": 0.02565,
          "14D": 0.0065595,
          "7Y": 0.025774999999999996,
          "5Y": 0.026304999999999995,
          "3Y": 0.026760000000000003,
          "18M": 0.0258,
          "1Y": 0.023434999999999997,
          "8M": 0.01992,
          "6M": 0.017040000000000003,
          "12Y": 0.025595,
          "4M": 0.01361,
          "10Y": 0.025670000000000002,
          "20Y": 0.023715,
          "2M": 0.009576,
          "30Y": 0.020489999999999998,
          "8Y": 0.02569,
          "6Y": 0.026070000000000003,
          "4Y": 0.026494999999999998,
          "21D": 0.006567000000000001,
          "2Y": 0.02681,
          "15M": 0.024894999999999997,
          "7D": 0.0064125,
          "21M": 0.02642,
          "9M": 0.020934999999999995,
          "15Y": 0.02535,
          "7M": 0.0186,
          "25Y": 0.022010000000000002,
          "5M": 0.01552,
          "11Y": 0.02568,
          "3M": 0.011339000000000002,
          "1M": 0.006572
        }
      }
    }
  }
}