{
  "20230131-143523" : {
    "Euribor6M" : {
      "Deposit": {
        "6M": 0.03
      },
      "Forward-Rate-Agreement" : {
        "7M" : 0.03202,
        "8M" : 0.03359,
        "9M" : 0.03458,
        "10M" : 0.03538,
        "12M" : 0.03565,
        "15M" : 0.03471,
        "18M" : 0.03323
      },
      "Swap-Rate" : {
        "9Y" : 0.028609999999999997,
        "7Y" : 0.0287,
        "5Y" : 0.029299999999999996,
        "3Y" : 0.03109,
        "18Y" : 0.027610000000000003,
        "28Y" : 0.02403,
        "16Y" : 0.028259999999999997,
        "26Y" : 0.024700000000000003,
        "14Y" : 0.028419999999999997,
        "24Y" : 0.02535,
        "12Y" : 0.028739999999999998,
        "22Y" : 0.02618,
        "10Y" : 0.028674999999999996,
        "20Y" : 0.026855000000000004,
        "30Y" : 0.023405,
        "40Y" : 0.02093,
        "50Y" : 0.01899,
        "8Y" : 0.028609999999999997,
        "6Y" : 0.028920000000000005,
        "4Y" : 0.029930000000000002,
        "2Y" : 0.03281,
        "19Y" : 0.02724,
        "29Y" : 0.02373,
        "17Y" : 0.027960000000000002,
        "27Y" : 0.02435,
        "15Y" : 0.02849,
        "25Y" : 0.025004999999999996,
        "13Y" : 0.02872,
        "23Y" : 0.0258,
        "11Y" : 0.02872,
        "21Y" : 0.026549999999999997
      }
    },
    "ESTR" : {
      "Deposit" : {
        "1D" : 1.904
      },
      "Swap-Rate" : {
        "9Y" : 0.025905,
        "14D" : 0.021920000000000002,
        "7Y" : 0.025925000000000004,
        "5Y" : 0.026605,
        "3Y" : 0.02852,
        "18M" : 0.031470000000000005,
        "1Y" : 0.03175,
        "8M" : 0.030505,
        "6M" : 0.0291575,
        "12Y" : 0.026325,
        "4M" : 0.0271695,
        "10Y" : 0.02609,
        "20Y" : 0.02535,
        "2M" : 0.024499,
        "30Y" : 0.022664999999999998,
        "8Y" : 0.025854999999999996,
        "6Y" : 0.026165000000000004,
        "21D" : 0.022648,
        "4Y" : 0.02732,
        "2Y" : 0.03049,
        "15M" : 0.031799999999999995,
        "7D" : 0.019761,
        "21M" : 0.030990000000000004,
        "9M" : 0.0309715,
        "15Y" : 0.026365,
        "7M" : 0.03,
        "25Y" : 0.023905000000000003,
        "5M" : 0.028263999999999997,
        "11Y" : 0.02624,
        "3M" : 0.025866499999999997,
        "1M" : 0.023009500000000002
      }
    }
  }
}